{"global_step": 3760408, "_timestamp": 1731081458.0895877, "_runtime": 5454.136502742767, "_step": 37870, "charts/episodic_return": 0.0, "charts/episodic_length": 86.0, "charts/learning_rate": 0.00031218439107760787, "losses/value_loss": 0.08701376616954803, "losses/a_policy_loss": -0.0036061815917491913, "losses/o_policy_loss": 0.005426026880741119, "losses/a_entropy": 2.2974038124084473, "losses/o_entropy": 1.3785228729248047, "losses/old_a_approx_kl": 0.00024194293655455112, "losses/old_o_approx_kl": 0.0035085587296634912, "losses/approx_a_kl": 8.872884791344404e-05, "losses/approx_o_kl": 0.0059601906687021255, "losses/a_clipfrac": 0.0, "losses/o_clipfrac": 0.19091796875, "losses/explained_variance": 0.7906457185745239, "losses/termination_loss": -0.009821533225476742, "charts/SPS": 690.0, "charts/decisions": 2030176.0, "_wandb": {"runtime": 5455}}