{"global_step": 349928, "_timestamp": 1731326518.4964645, "_runtime": 641.1767964363098, "_step": 4114, "charts/episodic_return": 2.0, "charts/episodic_length": 64.0, "charts/learning_rate": 0.0004826268122997135, "losses/value_loss": 0.17132101953029633, "losses/a_policy_loss": 0.020543279126286507, "losses/o_policy_loss": 0.013023634441196918, "losses/m_policy_loss": 0.0177590511739254, "losses/a_entropy": 2.6967720985412598, "losses/o_entropy": 1.3832588195800781, "losses/m_entropy": 2.074833393096924, "losses/explained_variance": 0.5388297438621521, "losses/termination_loss": -0.012727897614240646, "losses/meta_termination_loss": -0.01464307401329279, "charts/SPS": 551.0, "charts/decisions": 165218.0, "_wandb": {"runtime": 644}}