{"global_step": 19998720, "_timestamp": 1731036129.3260515, "_runtime": 18964.440804481506, "_step": 216151, "charts/episodic_return": 2.0, "charts/episodic_length": 154.0, "losses/total_loss": -11225.013671875, "losses/meta_policy_loss": -5123.9169921875, "losses/option_policy_loss": -6101.037109375, "losses/action_policy_loss": -0.002691070083528757, "losses/meta_entropy": 0.0001611136831343174, "losses/option_entropy": 2.589039240774582e-07, "losses/action_entropy": 0.28228986263275146, "losses/critic_loss_meta": 0.10501866042613983, "losses/critic_loss_option": 0.11501765251159668, "losses/critic_loss_action": 0.11193918436765671, "_wandb": {"runtime": 18963}}