{"global_step": 1843200, "_timestamp": 1731015832.5433397, "_runtime": 1780.1487076282501, "_step": 18227, "charts/episodic_return": 8.0, "charts/episodic_length": 163.0, "losses/total_loss": -22.35097885131836, "losses/meta_policy_loss": -20.448949813842773, "losses/option_policy_loss": -1.7304601669311523, "losses/action_policy_loss": 0.05731373280286789, "losses/meta_entropy": 0.038050636649131775, "losses/option_entropy": 0.014243470504879951, "losses/action_entropy": 0.718328058719635, "losses/critic_loss_meta": 0.12585340440273285, "losses/critic_loss_option": 0.13317528367042542, "losses/critic_loss_action": 0.1849307417869568, "_wandb": {"runtime": 1779}}