{"global_step": 1413480, "_timestamp": 1731060329.4769924, "_runtime": 1469.336775302887, "_step": 17908, "charts/episodic_return": 0.0, "charts/episodic_length": 96.0, "losses/total_loss": -967.6729125976562, "losses/meta_policy_loss": -880.3250732421875, "losses/option_policy_loss": -87.29072570800781, "losses/action_policy_loss": -0.016472602263092995, "losses/meta_entropy": 0.0005063525168225169, "losses/option_entropy": 0.02925904467701912, "losses/action_entropy": 0.19703611731529236, "losses/critic_loss_meta": 0.06917102634906769, "losses/critic_loss_option": 0.0840539038181305, "losses/critic_loss_action": 0.07590964436531067, "_wandb": {"runtime": 1468}}