{"global_step": 29640, "_timestamp": 1731002264.5160782, "_runtime": 47.695584297180176, "_step": 376, "charts/episodic_return": 0.0, "charts/episodic_length": 54.0, "losses/total_loss": -0.10792085528373718, "losses/meta_policy_loss": -0.07019994407892227, "losses/option_policy_loss": 0.051580242812633514, "losses/action_policy_loss": -0.05332672595977783, "losses/meta_entropy": 0.6706912517547607, "losses/option_entropy": 1.7594958543777466, "losses/action_entropy": 1.3937312364578247, "losses/critic_loss_meta": 0.05901537090539932, "losses/critic_loss_option": 0.06797225773334503, "losses/critic_loss_action": 0.10074366629123688, "_wandb": {"runtime": 47}}