{"global_step": 10035336, "_timestamp": 1731114360.9637196, "_runtime": 19883.655926704407, "_step": 51291, "charts/episodic_return": 25.0, "charts/episodic_length": 221.0, "charts/learning_rate": -1.6640000239931396e-06, "losses/value_loss": 0.0552501454949379, "losses/a_policy_loss": 0.0001331651583313942, "losses/o_policy_loss": 0.009914536960422993, "losses/m_policy_loss": 0.0007040593773126602, "losses/a_entropy": 1.429551601409912, "losses/o_entropy": 1.3783397674560547, "losses/m_entropy": 2.0747056007385254, "losses/old_a_approx_kl": -1.980271190404892e-05, "losses/old_o_approx_kl": 0.004247392062097788, "losses/old_m_approx_kl": 0.010504212230443954, "losses/approx_a_kl": 2.8561335057020187e-06, "losses/approx_o_kl": 0.004753239918500185, "losses/approx_m_kl": 0.0032008595298975706, "losses/a_clipfrac": 0.0, "losses/o_clipfrac": 0.13671875, "losses/m_clipfrac": 0.088134765625, "losses/explained_variance": 0.7546664476394653, "losses/termination_loss": 0.01970774494111538, "losses/meta_termination_loss": 0.015552065335214138, "charts/SPS": 504.0, "charts/decisions": 6132652.0, "_wandb": {"runtime": 19886}}