{"global_step": 8008, "_timestamp": 1731094500.191973, "_runtime": 22.884180068969727, "_step": 89, "charts/episodic_return": 0.0, "charts/episodic_length": 65.0, "charts/learning_rate": 0.0004997943760827184, "losses/value_loss": 0.15787933766841888, "losses/a_policy_loss": -0.0037866756319999695, "losses/o_policy_loss": 0.0004874039441347122, "losses/m_policy_loss": 0.004101285710930824, "losses/a_entropy": 2.692622184753418, "losses/o_entropy": 1.3839908838272095, "losses/m_entropy": 2.078015089035034, "losses/old_a_approx_kl": -0.0019515445455908775, "losses/old_o_approx_kl": 0.0026347993407398462, "losses/old_m_approx_kl": 0.0051183197647333145, "losses/approx_a_kl": 0.001987037481740117, "losses/approx_o_kl": 0.0037509193643927574, "losses/approx_m_kl": 0.0028308324981480837, "losses/a_clipfrac": 0.042724609375, "losses/o_clipfrac": 0.183349609375, "losses/m_clipfrac": 0.19091796875, "losses/explained_variance": 0.005136311054229736, "losses/termination_loss": 0.002466556616127491, "losses/meta_termination_loss": 0.0034391521476209164, "charts/SPS": 484.0, "charts/decisions": 3037.0}