{"global_step": 1936, "_timestamp": 1731001484.0696034, "_runtime": 13.662236452102661, "_step": 21, "charts/episodic_return": 1.0, "charts/episodic_length": 90.0}