{"global_step": 66376, "_timestamp": 1731002395.565828, "_runtime": 94.08902096748352, "_step": 942, "charts/episodic_return": 4.0, "charts/episodic_length": 99.0, "losses/total_loss": 0.09246458113193512, "losses/meta_policy_loss": 0.13492636382579803, "losses/option_policy_loss": 0.12949904799461365, "losses/action_policy_loss": 0.03774138167500496, "losses/meta_entropy": 0.65391606092453, "losses/option_entropy": 1.077181339263916, "losses/action_entropy": 0.28647053241729736, "losses/critic_loss_meta": 0.14027410745620728, "losses/critic_loss_option": 0.1436489224433899, "losses/critic_loss_action": 0.14692579209804535, "_wandb": {"runtime": 95}}