{"global_step": 1760, "_timestamp": 1730999523.0360403, "_runtime": 12.920351266860962, "_step": 19, "charts/episodic_return": 0.0, "charts/episodic_length": 59.0}