{"global_step": 5727608, "_timestamp": 1731344253.6353695, "_runtime": 10173.818023443222, "_step": 56444, "charts/episodic_return": 0.0, "charts/episodic_length": 51.0, "charts/learning_rate": 0.0002138048002962023, "losses/value_loss": 0.0021288804709911346, "losses/a_policy_loss": 0.0, "losses/o_policy_loss": -0.5, "losses/m_policy_loss": -0.5, "losses/a_entropy": 1.225607636212711e-11, "losses/o_entropy": 0.9549961090087891, "losses/m_entropy": 1.606919288635254, "losses/explained_variance": -0.14149224758148193, "losses/termination_loss": -3.5118502205564313e-20, "losses/meta_termination_loss": -1.6594739905145817e-12, "charts/SPS": 563.0, "charts/decisions": 2348351.0, "_wandb": {"runtime": 10175}}