{"global_step": 381224, "_timestamp": 1731014023.5724885, "_runtime": 403.8856534957886, "_step": 4391, "charts/episodic_return": 1.0, "charts/episodic_length": 106.0, "losses/total_loss": -5.031705856323242, "losses/meta_policy_loss": -0.3516959846019745, "losses/option_policy_loss": -4.603750228881836, "losses/action_policy_loss": -0.10090383142232895, "losses/meta_entropy": 0.4072304964065552, "losses/option_entropy": 0.22844544053077698, "losses/action_entropy": 0.8395627737045288, "losses/critic_loss_meta": 0.10871376097202301, "losses/critic_loss_option": 0.11912460625171661, "losses/critic_loss_action": 0.12924814224243164, "_wandb": {"runtime": 405}}