{"global_step": 1215456, "_timestamp": 1731017121.0965216, "_runtime": 1245.2386276721954, "_step": 17633, "charts/episodic_return": 2.0, "charts/episodic_length": 55.0, "losses/total_loss": -15.40699577331543, "losses/meta_policy_loss": -14.821152687072754, "losses/option_policy_loss": -0.832115888595581, "losses/action_policy_loss": 0.038976818323135376, "losses/meta_entropy": 0.009211556985974312, "losses/option_entropy": 0.003654747735708952, "losses/action_entropy": 0.07468505948781967, "losses/critic_loss_meta": 0.4493557810783386, "losses/critic_loss_option": 0.46518194675445557, "losses/critic_loss_action": 0.49698376655578613, "_wandb": {"runtime": 1245}}