{"global_step": 26592, "_timestamp": 1731001863.348567, "_runtime": 66.87502002716064, "_step": 320, "charts/episodic_return": 0.0, "charts/episodic_length": 99.0, "losses/total_loss": 0.5796528458595276, "losses/meta_policy_loss": 0.14390189945697784, "losses/option_policy_loss": 0.4861690104007721, "losses/action_policy_loss": -0.005824221298098564, "losses/meta_entropy": 0.9129507541656494, "losses/option_entropy": 1.6930315494537354, "losses/action_entropy": 1.118971824645996, "losses/critic_loss_meta": 0.09570387750864029, "losses/critic_loss_option": 0.10162487626075745, "losses/critic_loss_action": 0.13913698494434357, "_wandb": {"runtime": 69}}