{"global_step": 681080, "_timestamp": 1731061081.8518424, "_runtime": 729.235000371933, "_step": 8043, "charts/episodic_return": 0.0, "charts/episodic_length": 74.0, "losses/total_loss": -20.296785354614258, "losses/meta_policy_loss": -3.4900615215301514, "losses/option_policy_loss": -16.884613037109375, "losses/action_policy_loss": 0.02102324552834034, "losses/meta_entropy": 0.29584115743637085, "losses/option_entropy": 0.10242675244808197, "losses/action_entropy": 0.25528693199157715, "losses/critic_loss_meta": 0.21696217358112335, "losses/critic_loss_option": 0.22670294344425201, "losses/critic_loss_action": 0.2595755457878113, "_wandb": {"runtime": 729}}