{"global_step": 2683080, "_timestamp": 1731331424.8965406, "_runtime": 4875.188391685486, "_step": 29601, "charts/episodic_return": 6.0, "charts/episodic_length": 132.0, "charts/learning_rate": 0.0003659487992990762, "losses/value_loss": 0.16968494653701782, "losses/a_policy_loss": 0.06581899523735046, "losses/o_policy_loss": 0.03986640274524689, "losses/m_policy_loss": 0.059467729181051254, "losses/a_entropy": 2.6619839668273926, "losses/o_entropy": 1.3822263479232788, "losses/m_entropy": 2.0772533416748047, "losses/explained_variance": 0.5008212924003601, "losses/termination_loss": -9.430060163140297e-05, "losses/meta_termination_loss": -0.0004227221943438053, "charts/SPS": 551.0, "charts/decisions": 1330593.0, "_wandb": {"runtime": 4875}}