{"global_step": 0, "_timestamp": 1731061373.9968708, "_runtime": 4.741521835327148, "_step": 0, "_wandb": {"runtime": 5}}