{"global_step": 8640032, "_timestamp": 1731012160.3022866, "_runtime": 9724.744297742844, "_step": 126905, "charts/episodic_return": 6.0, "charts/episodic_length": 58.0, "losses/total_loss": -726.8743896484375, "losses/meta_policy_loss": -446.1423034667969, "losses/option_policy_loss": -280.5812683105469, "losses/action_policy_loss": 0.0006513818516395986, "losses/meta_entropy": 0.0052823759615421295, "losses/option_entropy": 0.0033200099132955074, "losses/action_entropy": 0.07187026739120483, "losses/critic_loss_meta": 0.0725322887301445, "losses/critic_loss_option": 0.07508368790149689, "losses/critic_loss_action": 0.08919665217399597, "_wandb": {"runtime": 9726}}