{"global_step": 3276080, "_timestamp": 1731268229.6209948, "_runtime": 4756.3077137470245, "_step": 43708, "charts/episodic_return": 0.0, "charts/episodic_length": 52.0, "charts/learning_rate": 0.0003363424038980156, "losses/value_loss": 6.731596658937633e-05, "losses/a_policy_loss": 0.0, "losses/o_policy_loss": 0.0, "losses/m_policy_loss": 0.0, "losses/a_entropy": 2.936031192474209e-12, "losses/o_entropy": 4.2271420769464724e-17, "losses/m_entropy": 1.1279525760036465e-22, "losses/explained_variance": -2.6778452396392822, "losses/termination_loss": -6.871656889340105e-12, "losses/meta_termination_loss": -0.0008920137770473957, "charts/SPS": 689.0, "charts/decisions": 728053.0, "_wandb": {"runtime": 4757}}