{"global_step": 230872, "_timestamp": 1731333777.254951, "_runtime": 427.5569179058075, "_step": 2698, "charts/episodic_return": 4.0, "charts/episodic_length": 67.0, "charts/learning_rate": 0.0004885892267338932, "losses/value_loss": 0.1946641206741333, "losses/a_policy_loss": 0.1269654482603073, "losses/o_policy_loss": 0.06668806076049805, "losses/m_policy_loss": 0.07541890442371368, "losses/a_entropy": 2.626115083694458, "losses/o_entropy": 1.3531758785247803, "losses/m_entropy": 1.9757630825042725, "losses/explained_variance": 0.6292558312416077, "losses/termination_loss": -0.00981699489057064, "losses/meta_termination_loss": -0.01348972786217928, "charts/SPS": 549.0, "charts/decisions": 93508.0, "_wandb": {"runtime": 427}}