{"global_step": 54752, "_timestamp": 1731070607.3899317, "_runtime": 88.3463397026062, "_step": 652, "charts/episodic_return": 3.0, "charts/episodic_length": 123.0, "charts/learning_rate": 0.0004974299808964133, "losses/value_loss": 0.1126830130815506, "losses/a_policy_loss": -0.00745489913970232, "losses/o_policy_loss": 0.07414064556360245, "losses/a_entropy": 2.6669716835021973, "losses/o_entropy": 3.208441734313965, "losses/old_a_approx_kl": 0.0013145646080374718, "losses/old_o_approx_kl": 0.023499947041273117, "losses/approx_a_kl": 0.0011094692163169384, "losses/approx_o_kl": 0.008758103474974632, "losses/a_clipfrac": 0.015625, "losses/o_clipfrac": 0.265625, "losses/explained_variance": 0.1821688413619995, "losses/termination_loss": -0.03493297100067139, "charts/SPS": 670.0, "charts/decisions": 26669.0, "_wandb": {"runtime": 87}}