{"global_step": 1193464, "_timestamp": 1731013606.3752253, "_runtime": 1432.9514982700348, "_step": 14932, "charts/episodic_return": 0.0, "charts/episodic_length": 74.0, "losses/total_loss": 20.278095245361328, "losses/meta_policy_loss": 18.70923614501953, "losses/option_policy_loss": 0.8938506245613098, "losses/action_policy_loss": -0.0076729245483875275, "losses/meta_entropy": 0.0046818009577691555, "losses/option_entropy": 0.10814604163169861, "losses/action_entropy": 0.838886022567749, "losses/critic_loss_meta": 0.43559855222702026, "losses/critic_loss_option": 0.4540098309516907, "losses/critic_loss_action": 0.49961283802986145, "_wandb": {"runtime": 1432}}