{"global_step": 3157136, "_timestamp": 1731325314.1206193, "_runtime": 5717.717457294464, "_step": 37517, "charts/episodic_return": 1.0, "charts/episodic_length": 83.0, "charts/learning_rate": 0.0003423047892283648, "losses/value_loss": 0.15027934312820435, "losses/a_policy_loss": -0.15153256058692932, "losses/o_policy_loss": -0.07707994431257248, "losses/m_policy_loss": -0.11301404982805252, "losses/a_entropy": 2.706698179244995, "losses/o_entropy": 1.3855448961257935, "losses/m_entropy": 2.0789153575897217, "losses/explained_variance": 0.7748889923095703, "losses/termination_loss": 0.004256332293152809, "losses/meta_termination_loss": 0.005451555829495192, "charts/SPS": 552.0, "charts/decisions": 1548291.0, "_wandb": {"runtime": 5719}}