{"global_step": 554016, "_timestamp": 1731345458.3461864, "_runtime": 1013.7653772830963, "_step": 6237, "charts/episodic_return": 1.0, "charts/episodic_length": 73.0, "charts/learning_rate": 0.0005000000237487257, "losses/value_loss": 0.15257582068443298, "losses/a_policy_loss": -0.04845300316810608, "losses/o_policy_loss": -0.029505303129553795, "losses/m_policy_loss": -0.033382441848516464, "losses/a_entropy": 2.636039972305298, "losses/o_entropy": 1.3537437915802002, "losses/m_entropy": 1.987694501876831, "losses/explained_variance": 0.5187185406684875, "losses/termination_loss": 0.02222084254026413, "losses/meta_termination_loss": 0.02410643920302391, "charts/SPS": 550.0, "charts/decisions": 276273.0}