{"global_step": 1896, "_timestamp": 1730999238.2265084, "_runtime": 13.109382390975952, "_step": 21, "charts/episodic_return": 0.0, "charts/episodic_length": 56.0}