{"global_step": 1009496, "_timestamp": 1731333324.1003141, "_runtime": 1839.8601491451263, "_step": 11579, "charts/episodic_return": 3.0, "charts/episodic_length": 124.0, "charts/learning_rate": 0.00044962798710912466, "losses/value_loss": 0.20685189962387085, "losses/a_policy_loss": -0.07147493958473206, "losses/o_policy_loss": -0.034810490906238556, "losses/m_policy_loss": -0.051165275275707245, "losses/a_entropy": 2.6728668212890625, "losses/o_entropy": 1.3812010288238525, "losses/m_entropy": 2.0714545249938965, "losses/explained_variance": 0.5671845078468323, "losses/termination_loss": -0.0025074738077819347, "losses/meta_termination_loss": -0.0012771592009812593, "charts/SPS": 550.0, "charts/decisions": 498157.0, "_wandb": {"runtime": 1843}}