{"global_step": 10037392, "_timestamp": 1731290550.1646428, "_runtime": 13996.65621471405, "_step": 127034, "charts/episodic_return": 5.0, "charts/episodic_length": 119.0, "charts/learning_rate": -1.7667999827608583e-06, "losses/value_loss": 3.2122654830257766e+17, "losses/a_policy_loss": 0.0, "losses/o_policy_loss": 2.291077227759639e+19, "losses/m_policy_loss": 0.0, "losses/a_entropy": 0.0, "losses/o_entropy": 0.0, "losses/m_entropy": 0.0, "losses/explained_variance": -0.8457094430923462, "losses/termination_loss": 0.0, "losses/meta_termination_loss": 214804192.0, "charts/SPS": 717.0, "charts/decisions": 787497.0, "_wandb": {"runtime": 13996}}