{"global_step": 10037392, "_timestamp": 1731167146.1056988, "_runtime": 14430.991109848022, "_step": 117795, "charts/episodic_return": 1.0, "charts/episodic_length": 119.0, "charts/learning_rate": -1.7667999827608583e-06, "losses/value_loss": 47.076927185058594, "losses/a_policy_loss": 0.0, "losses/o_policy_loss": 0.0, "losses/m_policy_loss": 0.0, "losses/a_entropy": 0.0, "losses/o_entropy": 0.0, "losses/m_entropy": 0.0, "losses/explained_variance": -0.1312638521194458, "losses/termination_loss": -1.080400824546814, "losses/meta_termination_loss": -5.150102615356445, "charts/SPS": 695.0, "charts/decisions": 1970275.0, "_wandb": {"runtime": 14430}}