{"global_step": 14304, "_timestamp": 1730830290.2473075, "_runtime": 43.1425986289978, "_step": 115, "charts/episodic_return": 1.0, "charts/episodic_length": 120.0, "charts/learning_rate": 0.00044860001071356237, "losses/value_loss": 0.1288159191608429, "losses/a_policy_loss": -0.003828415647149086, "losses/o_policy_loss": -0.015789460390806198, "losses/a_entropy": 2.682358980178833, "losses/o_entropy": 3.205017566680908, "losses/old_a_approx_kl": 0.00147141981869936, "losses/old_o_approx_kl": 0.006785289384424686, "losses/approx_a_kl": 0.0008103285217657685, "losses/approx_o_kl": 0.012382813729345798, "losses/a_clipfrac": 0.0029296875, "losses/o_clipfrac": 0.342529296875, "losses/explained_variance": 0.0012677907943725586, "losses/termination_loss": 0.010265383869409561, "charts/SPS": 398.0, "charts/decisions": 6134.0, "_wandb": {"runtime": 42}}