{"global_step": 280536, "_timestamp": 1731325846.2754781, "_runtime": 517.5022501945496, "_step": 3343, "charts/episodic_return": 0.0, "charts/episodic_length": 86.0, "charts/learning_rate": 0.00048612200771458447, "losses/value_loss": 0.16831859946250916, "losses/a_policy_loss": 0.010478002950549126, "losses/o_policy_loss": 0.005014587659388781, "losses/m_policy_loss": 0.009454206563532352, "losses/a_entropy": 2.702972412109375, "losses/o_entropy": 1.3835724592208862, "losses/m_entropy": 2.076604127883911, "losses/explained_variance": 0.6593512892723083, "losses/termination_loss": 0.009342160075902939, "losses/meta_termination_loss": 0.010343014262616634, "charts/SPS": 549.0, "charts/decisions": 137294.0, "_wandb": {"runtime": 520}}