{"global_step": 26632, "_timestamp": 1731069768.444868, "_runtime": 60.399795055389404, "_step": 436, "charts/episodic_return": 0.0, "charts/episodic_length": 52.0, "losses/total_loss": -0.9034178256988525, "losses/meta_policy_loss": -0.6671797037124634, "losses/option_policy_loss": -0.18707439303398132, "losses/action_policy_loss": -0.1730039268732071, "losses/meta_entropy": 1.266340732574463, "losses/option_entropy": 0.9780350923538208, "losses/action_entropy": 0.48382553458213806, "losses/critic_loss_meta": 0.03365609794855118, "losses/critic_loss_option": 0.02472873404622078, "losses/critic_loss_action": 0.16407667100429535, "_wandb": {"runtime": 62}}