{"global_step": 2193752, "_timestamp": 1731073870.011784, "_runtime": 3237.441078186035, "_step": 23276, "charts/episodic_return": 7.0, "charts/episodic_length": 85.0, "charts/learning_rate": 0.0003904151963070035, "losses/value_loss": 0.13387806713581085, "losses/a_policy_loss": -0.009305315092206001, "losses/o_policy_loss": -0.08984594792127609, "losses/a_entropy": 2.1324315071105957, "losses/o_entropy": 3.170055389404297, "losses/old_a_approx_kl": 0.0028765711467713118, "losses/old_o_approx_kl": 0.10432134568691254, "losses/approx_a_kl": 0.0013745425967499614, "losses/approx_o_kl": 0.059764135628938675, "losses/a_clipfrac": 0.01025390625, "losses/o_clipfrac": 0.49609375, "losses/explained_variance": 0.5393189191818237, "losses/termination_loss": 0.00966553296893835, "charts/SPS": 679.0, "charts/decisions": 914804.0, "_wandb": {"runtime": 3237}}