{"global_step": 3076976, "_timestamp": 1731094298.411432, "_runtime": 4464.444735050201, "_step": 31085, "charts/episodic_return": 4.0, "charts/episodic_length": 55.0, "charts/learning_rate": 0.0003463139873929322, "losses/value_loss": 0.09466417133808136, "losses/a_policy_loss": -0.0016061458736658096, "losses/o_policy_loss": 0.012785064056515694, "losses/m_policy_loss": 0.012080276384949684, "losses/a_entropy": 2.3636977672576904, "losses/o_entropy": 1.3742074966430664, "losses/m_entropy": 2.0738213062286377, "losses/old_a_approx_kl": 0.0014460182283073664, "losses/old_o_approx_kl": 0.0016273614019155502, "losses/old_m_approx_kl": 0.0012759582605212927, "losses/approx_a_kl": 0.000495653017424047, "losses/approx_o_kl": 0.00955524668097496, "losses/approx_m_kl": 0.006020352244377136, "losses/a_clipfrac": 0.003662109375, "losses/o_clipfrac": 0.173583984375, "losses/m_clipfrac": 0.1953125, "losses/explained_variance": 0.5832532644271851, "losses/termination_loss": 0.009129858575761318, "losses/meta_termination_loss": 0.007696755230426788, "charts/SPS": 690.0, "charts/decisions": 1863313.0, "_wandb": {"runtime": 4466}}