{"global_step": 1992, "_timestamp": 1731000358.5283093, "_runtime": 63.2113893032074, "_step": 24, "charts/episodic_return": 5.0, "charts/episodic_length": 67.0}